{
  "id": "3288097",
  "name": "mi",
  "font_family": "iconfont",
  "css_prefix_text": "icon-",
  "description": "",
  "glyphs": [
    {
      "icon_id": "799672",
      "name": "话费充值",
      "font_class": "huafeichongzhi",
      "unicode": "e666",
      "unicode_decimal": 58982
    },
    {
      "icon_id": "880429",
      "name": "扳手",
      "font_class": "editor2",
      "unicode": "e62e",
      "unicode_decimal": 58926
    },
    {
      "icon_id": "1221178",
      "name": "放大镜",
      "font_class": "fangdajing",
      "unicode": "e6e4",
      "unicode_decimal": 59108
    },
    {
      "icon_id": "1546572",
      "name": "回顶部",
      "font_class": "huidingbu",
      "unicode": "e691",
      "unicode_decimal": 59025
    },
    {
      "icon_id": "3096411",
      "name": "米粉卡",
      "font_class": "mifenqia",
      "unicode": "e603",
      "unicode_decimal": 58883
    },
    {
      "icon_id": "4942660",
      "name": "时间",
      "font_class": "shijian",
      "unicode": "e61d",
      "unicode_decimal": 58909
    },
    {
      "icon_id": "5460560",
      "name": "客服",
      "font_class": "kefu",
      "unicode": "ec2e",
      "unicode_decimal": 60462
    },
    {
      "icon_id": "6438266",
      "name": "地点",
      "font_class": "didian",
      "unicode": "e63e",
      "unicode_decimal": 58942
    },
    {
      "icon_id": "9027774",
      "name": "以旧换新",
      "font_class": "yijiuhuanxin",
      "unicode": "e604",
      "unicode_decimal": 58884
    },
    {
      "icon_id": "11577344",
      "name": "7天",
      "font_class": "tian1-copy",
      "unicode": "e605",
      "unicode_decimal": 58885
    },
    {
      "icon_id": "16571673",
      "name": "icon_企业团购",
      "font_class": "icon_qiyetuangou",
      "unicode": "e67b",
      "unicode_decimal": 59003
    },
    {
      "icon_id": "20000261",
      "name": "手机",
      "font_class": "shouji",
      "unicode": "e607",
      "unicode_decimal": 58887
    },
    {
      "icon_id": "24185818",
      "name": "箭头",
      "font_class": "icon_220",
      "unicode": "e60d",
      "unicode_decimal": 58893
    },
    {
      "icon_id": "1306",
      "name": "购物车空",
      "font_class": "gouwuchekong",
      "unicode": "e600",
      "unicode_decimal": 58880
    },
    {
      "icon_id": "90513",
      "name": "15天无理由退货",
      "font_class": "15tianwuliyoutuihuo",
      "unicode": "e606",
      "unicode_decimal": 58886
    },
    {
      "icon_id": "201525",
      "name": "礼物 活动",
      "font_class": "liwuhuodong",
      "unicode": "e601",
      "unicode_decimal": 58881
    },
    {
      "icon_id": "551962",
      "name": "箭头",
      "font_class": "arrow-right",
      "unicode": "e602",
      "unicode_decimal": 58882
    }
  ]
}
